source,target
/,https://vinacasaacosta.cl/es
/historia/,https://vinacasaacosta.cl/es/historia
/staff/,https://vinacasaacosta.cl/es/staff
/contacto/,https://vinacasaacosta.cl/es/contacto
/vinos/,https://vinacasaacosta.cl/es/vinos
/actividades/,https://vinacasaacosta.cl/es/actividades
/premios-2/,https://vinacasaacosta.cl/es/historia
/premios-3/,https://vinacasaacosta.cl/es/historia
/blog/,https://vinacasaacosta.cl/es
/tienda/,https://vinacasaacosta.cl/es/tienda
/comprar/,https://vinacasaacosta.cl/es/tienda
/carrito/,https://vinacasaacosta.cl/es/tienda
/finalizar-compra/,https://vinacasaacosta.cl/es/tienda
/my-account/,https://vinacasaacosta.cl/es/tienda
/orders-tracking/,https://vinacasaacosta.cl/es/contacto
/product-category/a-eleccion/,https://vinacasaacosta.cl/es/tienda
/product-category/cabernet-sauvignon/,https://vinacasaacosta.cl/es/tienda
/product-category/carmenere/,https://vinacasaacosta.cl/es/tienda
/product-category/ensamblaje/,https://vinacasaacosta.cl/es/tienda
/product-category/tannat/,https://vinacasaacosta.cl/es/tienda
/product-category/tinto/,https://vinacasaacosta.cl/es/tienda
/product/bera-rose/,https://vinacasaacosta.cl/es/vinos/bera
/product/ombu/,https://vinacasaacosta.cl/es/vinos/ombu-carmenere
/product/ombu-cabernet-sauvignon/,https://vinacasaacosta.cl/es/vinos/ombu-sauvignon
/product/ombu-tannat/,https://vinacasaacosta.cl/es/vinos/ombu-tannat
/product/estacion-francia/,https://vinacasaacosta.cl/es/vinos/estacion-francia-carmenere
/product/estacion-francia-tannat/,https://vinacasaacosta.cl/es/vinos/estacion-francia-tannat
/product/guidai/,https://vinacasaacosta.cl/es/vinos/guidai
/product/lajau-betum/,https://vinacasaacosta.cl/es/vinos/lajau-betum
/product/lajau-betum-yu/,https://vinacasaacosta.cl/es/vinos/lajau-betum-yu
/product/lajau-deti/,https://vinacasaacosta.cl/es/vinos/lajau-deti
/product/lajau-sam/,https://vinacasaacosta.cl/es/vinos/lajau-sam
/product/yaray-gua-blanco/,https://vinacasaacosta.cl/es/vinos/yaray-gua-blanco
/product/yaray-gua-tinto/,https://vinacasaacosta.cl/es/vinos/yaray-gua-tinto
/product/crea-tu-caja/,https://vinacasaacosta.cl/es/tienda
/tour-ombu/,https://vinacasaacosta.cl/es/actividades/tours/ombu
/tour-bera/,https://vinacasaacosta.cl/es/actividades/tours/bera
/tour-carmenere/,https://vinacasaacosta.cl/es/actividades/tours/carmenere
/apicultura/,https://vinacasaacosta.cl/es/actividades/experiencias/apicultura
/cena-sensorial/,https://vinacasaacosta.cl/es/actividades/experiencias/cena-sensorial
/clases-de-gnocchis/,https://vinacasaacosta.cl/es/actividades/talleres/noquis
/clases-de-pasta/,https://vinacasaacosta.cl/es/actividades/talleres/pastas
/clases-de-pizza/,https://vinacasaacosta.cl/es/actividades/talleres/pizzas
/cosecha-tu-historia/,https://vinacasaacosta.cl/es/actividades/experiencias/cosecha-tu-historia
/enologo-por-un-dia/,https://vinacasaacosta.cl/es/actividades/experiencias/enologo-por-un-dia
/hilado-y-trasquilado/,https://vinacasaacosta.cl/es/actividades/experiencias/alpacas
/lagrimas-de-invierno/,https://vinacasaacosta.cl/es/actividades/experiencias/lagrimas-de-invierno
/mimbre/,https://vinacasaacosta.cl/es/actividades/experiencias/mimbre
/vendimia/,https://vinacasaacosta.cl/es/actividades/vendimia
/yoga/,https://vinacasaacosta.cl/es/actividades/experiencias/yoga
/eventos/,https://vinacasaacosta.cl/es/actividades
/proximos-eventos/,https://vinacasaacosta.cl/es/actividades
/events/evento-sorpresa/,https://vinacasaacosta.cl/es/actividades
/events/feria-de-emprendedores/,https://vinacasaacosta.cl/es/actividades
/events/vendimia-2/,https://vinacasaacosta.cl/es/actividades/vendimia
/events/vendimia-abril/,https://vinacasaacosta.cl/es/actividades/vendimia
/event-location/vina-casa-acosta/,https://vinacasaacosta.cl/es/actividades
/home/,https://vinacasaacosta.cl/en
/wines/,https://vinacasaacosta.cl/en/vinos
/our-story/,https://vinacasaacosta.cl/en/historia
/our-story/contact/,https://vinacasaacosta.cl/en/contacto
/contact/,https://vinacasaacosta.cl/en/contacto
/tours/,https://vinacasaacosta.cl/en/actividades
/tours-2/,https://vinacasaacosta.cl/en/actividades
/shop/,https://vinacasaacosta.cl/en/tienda
/inicio/,https://vinacasaacosta.cl/es
/premios/,https://vinacasaacosta.cl/es/historia
/mi-cuenta/,https://vinacasaacosta.cl/es/tienda
/tienda-2/,https://vinacasaacosta.cl/es/tienda
/tienda-2/page/2/,https://vinacasaacosta.cl/es/tienda
/categoria-producto/cabernet-sauvignon/,https://vinacasaacosta.cl/es/tienda
/categoria-producto/caja-mix/,https://vinacasaacosta.cl/es/tienda
/categoria-producto/caja-regalo/,https://vinacasaacosta.cl/es/tienda
/categoria-producto/carmenere/,https://vinacasaacosta.cl/es/tienda
/categoria-producto/carmenere-2/,https://vinacasaacosta.cl/es/tienda
/categoria-producto/ensamblaje-2/,https://vinacasaacosta.cl/es/tienda
/categoria-producto/espumante/,https://vinacasaacosta.cl/es/tienda
/categoria-producto/petit-verdot/,https://vinacasaacosta.cl/es/tienda
/categoria-producto/rose/,https://vinacasaacosta.cl/es/tienda
/categoria-producto/sin-categorizar/,https://vinacasaacosta.cl/es/tienda
/categoria-producto/tannat/,https://vinacasaacosta.cl/es/tienda
/etiqueta-producto/carmenere/,https://vinacasaacosta.cl/es/tienda
/etiqueta-producto/rose/,https://vinacasaacosta.cl/es/tienda
/producto/ombu-reserva-carmenere/,https://vinacasaacosta.cl/es/vinos/ombu-carmenere
/producto/ombu-reserva-carmenere-2017/,https://vinacasaacosta.cl/es/vinos/ombu-carmenere
/producto/ombu-reserva-carmenere-2018/,https://vinacasaacosta.cl/es/vinos/ombu-carmenere
/producto/ombu-reserva-carmenere-2019/,https://vinacasaacosta.cl/es/vinos/ombu-carmenere
/producto/ombu-reserva-carmenere-2020-caja-de-6-unidades/,https://vinacasaacosta.cl/es/vinos/ombu-carmenere
/producto/ombu-reserva-carmenere-2021/,https://vinacasaacosta.cl/es/vinos/ombu-carmenere
/producto/ombu-gran-reserva-carmenere-2015/,https://vinacasaacosta.cl/es/vinos/ombu-carmenere
/producto/ombu-reserva-cabernet-sauvignon-2020-caja-de-6-unidades/,https://vinacasaacosta.cl/es/vinos/ombu-sauvignon
/producto/ombu-reserva-cabernet-sauvignon-2021-caja-de-6-unidades/,https://vinacasaacosta.cl/es/vinos/ombu-sauvignon
/producto/bera-rose-reserva-carmenere-2021-caja-de-6-unidades/,https://vinacasaacosta.cl/es/vinos/bera
/producto/estacion-francia-gran-reserva-carmenere-2019-caja-de-6-unidades/,https://vinacasaacosta.cl/es/vinos/estacion-francia-carmenere
/producto/guidai-brut-espumante-caja-de-6-unidades/,https://vinacasaacosta.cl/es/vinos/guidai
/product/cabernet/,https://vinacasaacosta.cl/es/vinos/ombu-sauvignon
/product/ombu-carmenere/,https://vinacasaacosta.cl/es/vinos/ombu-carmenere
/producto/ombu-ensamblaje-reserva-carmenere-cabernet-sauvignon-petit-verdot-2020-caja-de-6-unidades/,https://vinacasaacosta.cl/es/vinos
/producto/ombu-ensamblaje-reserva-carmenere-tannat-2020-caja-de-6-unidades/,https://vinacasaacosta.cl/es/vinos
/producto/ombu-ensamblaje-reserva-carmenere-tannat-2021-caja-de-6-unidades/,https://vinacasaacosta.cl/es/vinos
/producto/arma-tu-caja-mix/,https://vinacasaacosta.cl/es/tienda
/producto/caja-acosta-mix-2/,https://vinacasaacosta.cl/es/tienda
/producto/caja-regalo-multiproposito-x-1/,https://vinacasaacosta.cl/es/tienda
/producto/caja-regalo-multiproposito-x-1-2/,https://vinacasaacosta.cl/es/tienda
/producto/caja-regalo-multiproposito-x-2/,https://vinacasaacosta.cl/es/tienda
/producto/caja-regalo-multiproposito-x-3/,https://vinacasaacosta.cl/es/tienda
/producto/ombu-familia-caja-de-6-unidades/,https://vinacasaacosta.cl/es/tienda
